recordings/2_theo_39.wav,2
recordings/8_jackson_15.wav,8
recordings/3_jackson_39.wav,3
recordings/3_lucas_1.wav,3
recordings/0_yweweler_36.wav,0
recordings/6_jackson_32.wav,6
recordings/0_theo_48.wav,0
recordings/0_theo_32.wav,0
recordings/5_yweweler_38.wav,5
recordings/9_yweweler_21.wav,9
recordings/1_jackson_29.wav,1
recordings/4_nicolas_19.wav,4
recordings/5_jackson_12.wav,5
recordings/0_jackson_15.wav,0
recordings/3_jackson_20.wav,3
recordings/3_nicolas_20.wav,3
recordings/6_nicolas_11.wav,6
recordings/3_yweweler_37.wav,3
recordings/6_lucas_44.wav,6
recordings/8_george_9.wav,8
recordings/2_theo_26.wav,2
recordings/5_lucas_41.wav,5
recordings/8_lucas_8.wav,8
recordings/7_lucas_30.wav,7
recordings/4_nicolas_31.wav,4
recordings/8_yweweler_39.wav,8
recordings/2_theo_3.wav,2
recordings/7_george_42.wav,7
recordings/6_nicolas_37.wav,6
recordings/1_theo_37.wav,1
recordings/8_jackson_3.wav,8
recordings/7_george_9.wav,7
recordings/3_nicolas_41.wav,3
recordings/9_jackson_11.wav,9
recordings/4_nicolas_41.wav,4
recordings/4_nicolas_48.wav,4
recordings/7_jackson_19.wav,7
recordings/5_lucas_49.wav,5
recordings/2_yweweler_43.wav,2
recordings/4_jackson_31.wav,4
recordings/3_nicolas_38.wav,3
recordings/0_lucas_1.wav,0
recordings/8_nicolas_33.wav,8
recordings/3_jackson_4.wav,3
recordings/1_theo_7.wav,1
recordings/0_jackson_44.wav,0
recordings/2_jackson_39.wav,2
recordings/6_theo_21.wav,6
recordings/8_lucas_14.wav,8
recordings/0_george_35.wav,0
recordings/8_jackson_25.wav,8
recordings/6_yweweler_44.wav,6
recordings/8_nicolas_46.wav,8
recordings/7_nicolas_18.wav,7
recordings/5_theo_5.wav,5
recordings/8_nicolas_15.wav,8
recordings/7_lucas_16.wav,7
recordings/0_nicolas_7.wav,0
recordings/5_yweweler_29.wav,5
recordings/4_jackson_37.wav,4
recordings/5_nicolas_3.wav,5
recordings/8_theo_4.wav,8
recordings/8_theo_48.wav,8
recordings/3_jackson_18.wav,3
recordings/3_nicolas_47.wav,3
recordings/2_george_20.wav,2
recordings/7_jackson_36.wav,7
recordings/9_lucas_13.wav,9
recordings/5_jackson_34.wav,5
recordings/8_george_22.wav,8
recordings/6_nicolas_25.wav,6
recordings/2_jackson_48.wav,2
recordings/6_lucas_5.wav,6
recordings/5_yweweler_14.wav,5
recordings/2_jackson_47.wav,2
recordings/4_nicolas_15.wav,4
recordings/7_lucas_45.wav,7
recordings/5_jackson_19.wav,5
recordings/0_jackson_4.wav,0
recordings/4_jackson_38.wav,4
recordings/3_yweweler_8.wav,3
recordings/5_nicolas_41.wav,5
recordings/5_yweweler_47.wav,5
recordings/4_yweweler_14.wav,4
recordings/1_lucas_35.wav,1
recordings/4_george_2.wav,4
recordings/5_yweweler_2.wav,5
recordings/7_jackson_41.wav,7
recordings/9_george_8.wav,9
recordings/2_george_22.wav,2
recordings/9_nicolas_29.wav,9
recordings/4_nicolas_10.wav,4
recordings/9_yweweler_32.wav,9
recordings/2_nicolas_38.wav,2
recordings/8_jackson_12.wav,8
recordings/1_george_12.wav,1
recordings/2_yweweler_34.wav,2
recordings/4_theo_12.wav,4
recordings/0_yweweler_39.wav,0
recordings/0_jackson_22.wav,0